file_path,date_uploaded
credit_9188c894-3400-4029-aaa1-be130bb7bfe9.csv,2024-11-28T08:58:40.794097
credit_6e405a1c-38c1-4338-a4c9-00453064475e.csv,2024-11-30T00:13:17.860465
credit_e11c3bc8-6c41-4d8d-8bfc-c3c6dc445b33.csv,2024-11-30T00:33:36.135071
credit_108e57e5-cdad-4c56-9c9e-9a1f1e94f61b.csv,2024-11-30T00:33:52.358040
credit_e75f7490-78ed-4203-b893-d28ad24c33c0.csv,2024-11-30T07:59:46.232807
credit_3dedcf42-894b-4ea6-ab1b-ec8c2973f997.csv,2024-11-30T15:18:35.615649
credit_83d72b15-8acf-4584-aa9f-1ec09bf76771.csv,2024-11-30T15:18:44.428493
credit_b2a3110d-5791-43d4-a7cb-f3cff8dadf27.csv,2024-11-30T15:19:36.808437
credit_a2f006d3-9142-47dc-bc8e-58b8970b3b9d.csv,2024-11-30T22:25:18.608704
credit_31ff2865-5c32-48a5-9fb4-1260ef81d6e2.csv,2024-11-30T22:27:02.037463
credit_f40538a3-9dad-46b4-9341-0229368e8289.csv,2024-11-30T22:30:27.883750
credit_e4fa1339-b451-43a4-ad88-966822b690ed.csv,2024-11-30T22:31:32.146106
credit_40bb8e98-a50c-4657-a259-c8ad22d42c05.csv,2024-11-30T22:31:49.057769
credit_dcb3a79d-8e17-4903-979d-00ffe1908c0e.csv,2024-11-30T22:32:22.302401
credit_a3f82097-654e-4b72-ad9a-a73c10762ca6.csv,2024-11-30T22:53:22.029376
credit_e009c6e2-8f4a-43f0-9326-430ec3216d0e.csv,2024-11-30T22:56:07.348079
credit_2840072d-31c7-45ae-9520-ec5d2a220492.csv,2024-12-01T22:37:15.336402
credit_bb0f1270-b9d9-4dfe-a9d5-f4fdcf372bcf.csv,2024-12-01T22:57:09.474186
credit_e54e2c02-b304-42a3-a15c-0a175830a91f.csv,2024-12-01T22:58:35.188809
credit_b35853e6-3c54-4e9b-9d37-0f58245abd93.csv,2024-12-01T23:00:53.976852
credit_532f96cc-1c05-46af-b594-06519a55ca89.csv,2024-12-01T23:19:30.599123
credit_ddbef474-8391-4d7f-95e4-be00a5c95e91.csv,2024-12-01T23:34:04.339620
credit_da8a1724-9b66-45c7-9651-180ac726b13d.csv,2024-12-01T23:34:26.939696
credit_c80ae9c0-d474-4468-aba7-4fb97f5dbf5d.csv,2024-12-01T23:34:50.787842
credit_73611cbe-1427-4544-aed6-08f086783591.csv,2024-12-01T23:36:20.753331
credit_90d4ad93-aecc-4f47-be33-c3fbc1c18eac.csv,2024-12-01T23:37:37.245771
credit_623419d7-ca12-4995-bcd8-55683d4b6612.csv,2024-12-01T23:38:19.216859
credit_f2330ac3-7624-47f0-a1e3-eabb702ce596.csv,2024-12-01T23:40:33.313591
credit_75548e37-c3a2-42d7-99e7-8fa3e2d4a133.csv,2024-11-30T10:13:05.841783
credit_48e3f2ea-954d-491c-815f-97826776e118.csv,2024-11-30T10:14:49.290060
credit_45f7be7c-5bf1-472f-afd9-cba01fecb58b.csv,2024-11-30T10:16:27.770387
credit_27caa8ef-f260-42aa-89b2-aa758113330d.csv,2024-11-30T10:39:46.456906
credit_335481d0-d43e-4c71-98b0-6140c481b593.csv,2024-11-30T10:55:41.542345
